{"count":1,"gauges":{},"self":20.9875008,"total":23.157169699999997,"children":{"AgentResetIfDone":{"count":1124,"self":0.020852199999999998,"total":0.020852199999999998,"children":null},"AgentSendState":{"count":1124,"self":0.0576774,"total":0.0696055,"children":{"CollectObservations":{"count":2248,"self":0.011928099999999999,"total":0.011928099999999999,"children":null}}},"DecideAction":{"count":1124,"self":1.7935884,"total":1.9872501999999999,"children":{"RayPerceptionSensor.Perceive":{"count":2248,"self":0.1936619,"total":0.1936619,"children":null}}},"AcademyStep":{"count":1124,"self":0.0019905,"total":0.0019905,"children":null},"AgentAct":{"count":1124,"self":0.0879712,"total":0.0879712,"children":null}}}